Tech.Correctness (Cover or In Field Num. / Inferred Field Num.),Perfection (Accurate Field Num. / Correct Field Num.),Precision,Recall,Accuracy,F1,FPR
Average,0.8816545272165583,0.2411429945286671,0.756226797871702,0.4710718695490796,0.856194076044487,0.5520970599220936,0.04322114744999961
Average_refine,0.8835461260017677,0.32423092919099505,0.7113819989423266,0.6278344701586115,0.867456723175945,0.6587843872150532,0.07019292573270532
