Tech.Correctness (Cover or In Field Num. / Inferred Field Num.),Perfection (Accurate Field Num. / Correct Field Num.),Precision,Recall,Accuracy,F1,FPR
Average,0.8271825396825397,0.32858187134502925,0.7023809523809523,0.6059523809523808,0.598966810966811,0.6368894873242699,0.4142156862745098
Average_refine,0.9378174603174603,0.53781328320802,0.7513888888888889,0.783531746031746,0.7006580086580086,0.7508333333333332,0.4142156862745098
